player,ranked_ctf_games,ranked_nf_games,casual_games,time_of_day,day_of_week,avg_per_day,grab_on_0d,grab_on_1d,grab_on_2d,grab_on_3d,grab_on_4d,hold_pm,prevent_pm,pup_pct,hold_during_pups,tp_pct,rb_pct,jj_pct,kiss_pct,button_per_minute,block_per_minute,dc_pct
"HvN Piercer",144,393,0,oo..____________.....o.o,o.O....,8.471,0.437,0.283,0.244,0.035,0.002,7.749,7.982,0.173,0.092,0.401,0.271,0.328,0.079,0.752,11.827,0.000
"Cape",45,77,0,..__________________oOOo,_.oOo..,4.091,0.494,0.252,0.221,0.028,0.005,10.550,6.594,0.184,0.146,0.443,0.311,0.245,0.096,1.423,9.929,0.000
"crux",16,46,0,o___________.___.ooooo__,ooo_O__,2.667,0.440,0.231,0.286,0.033,0.011,8.555,9.802,0.194,0.136,0.350,0.200,0.450,0.132,0.677,8.229,0.000
"Xylene",218,188,0,.______________..ooo.o..,..oooO.,7.517,0.450,0.265,0.250,0.030,0.004,7.810,7.799,0.143,0.142,0.264,0.381,0.356,0.071,0.724,11.538,0.000
"known",335,303,0,o._____________..___.ooo,.ooo.o_,8.590,0.487,0.246,0.235,0.030,0.001,8.515,8.373,0.143,0.143,0.263,0.337,0.399,0.071,0.592,10.271,0.003
"Thrust",35,0,0,______________o_____.oOO,._oo..O,2.500,0.659,0.187,0.142,0.011,0.000,7.787,8.035,0.164,0.091,0.243,0.473,0.284,0.113,1.285,10.954,0.000
"churt chimi",50,63,0,___________.oo.o.oo_____,o.o.._o,5.556,0.528,0.226,0.225,0.015,0.006,12.601,4.585,0.168,0.202,0.330,0.385,0.284,0.084,0.591,9.748,0.040
"POWER",46,84,0,_o___________ooo.o.__.__,oo....o,3.286,0.471,0.245,0.252,0.032,0.000,12.662,2.945,0.135,0.231,0.386,0.217,0.398,0.065,0.466,11.839,0.022
"Nas",186,502,0,oo.______________.ooo...,.o..oo.,6.000,0.514,0.248,0.203,0.031,0.003,6.806,11.190,0.091,0.110,0.299,0.318,0.383,0.088,0.940,10.079,0.005
"blah-zay",184,377,0,ooo._________..o...____o,..O..o.,4.279,0.445,0.244,0.273,0.034,0.004,10.100,4.316,0.125,0.186,0.281,0.342,0.377,0.080,1.288,12.207,0.016
"amadeo",504,77,0,____________..oooooo____,_.ooOo_,15.273,0.495,0.248,0.227,0.028,0.002,9.359,7.369,0.155,0.136,0.350,0.332,0.317,0.078,0.908,10.690,0.016
"Reze20",209,273,0,oo.________________..ooo,.o_o.oo,10.450,0.480,0.247,0.232,0.038,0.002,10.255,7.471,0.138,0.160,0.369,0.388,0.243,0.057,0.616,11.404,0.000
"magicmuffin8",106,0,0,Ooo_______________._...o,o.oo__o,8.833,0.538,0.231,0.212,0.018,0.000,11.350,3.984,0.158,0.200,0.247,0.405,0.349,0.085,0.807,11.023,0.028
"Quercus",65,67,0,o.____________....ooo_oo,._o..oo,3.421,0.566,0.251,0.168,0.014,0.002,9.550,7.225,0.128,0.144,0.280,0.318,0.402,0.078,0.931,10.450,0.015
"niya",78,2,0,O._____________o...__o.o,Oo.__.o,7.800,0.562,0.213,0.205,0.019,0.002,7.965,7.994,0.129,0.121,0.419,0.412,0.169,0.083,0.972,9.876,0.013
"ImaNewbie",113,99,0,____________...o..._._o.,_oOo_o.,5.381,0.504,0.237,0.224,0.034,0.001,12.141,3.413,0.152,0.192,0.353,0.371,0.277,0.053,0.616,12.874,0.071
"okthen",748,0,0,oo..__________.__......o,o._...O,12.262,0.481,0.254,0.238,0.026,0.002,10.395,5.786,0.148,0.157,0.305,0.335,0.360,0.084,0.628,10.753,0.020
"Xx360NoSwagx",182,18,0,o.____________.._..ooooo,o_...oO,3.370,0.447,0.283,0.235,0.031,0.004,6.347,10.651,0.173,0.098,0.340,0.318,0.342,0.066,1.126,10.665,0.005
"bright",136,6,0,oo..________________..oo,Oo.._.o,8.000,0.513,0.238,0.226,0.021,0.002,10.326,6.185,0.207,0.124,0.360,0.296,0.344,0.094,0.945,9.622,0.000
"bitter heart",273,0,0,o.____________.........o,oooO.._,24.818,0.485,0.247,0.232,0.035,0.001,5.914,10.549,0.150,0.080,0.324,0.327,0.349,0.079,1.069,8.305,0.018
"Ritual",572,0,0,Oo.____________.._____oO,_.oooo.,7.241,0.460,0.246,0.260,0.033,0.001,7.806,9.268,0.144,0.131,0.377,0.299,0.324,0.062,1.041,10.646,0.003
"frieren",433,0,0,o...____________.....ooo,oo._o..,22.789,0.465,0.245,0.258,0.031,0.001,8.650,7.098,0.178,0.111,0.420,0.274,0.303,0.059,0.836,10.060,0.099
"Madoka",765,0,0,..____________.......o.o,oo_..oO,16.630,0.441,0.251,0.270,0.037,0.001,7.944,7.635,0.169,0.110,0.350,0.318,0.332,0.067,0.734,10.966,0.042
"1deag",644,23,0,oo._____________.......o,...o.oo,12.627,0.525,0.230,0.218,0.026,0.001,6.778,8.030,0.200,0.089,0.415,0.265,0.320,0.061,1.141,8.831,0.002
"Doris",947,19,0,..___________.o.....o...,...o.o.,12.627,0.523,0.237,0.212,0.026,0.001,8.621,7.700,0.153,0.135,0.426,0.319,0.254,0.081,1.011,9.186,0.020
"eee",1584,0,0,.____________._..oo.oo..,..oooo.,9.962,0.451,0.244,0.272,0.032,0.002,10.606,4.531,0.140,0.158,0.349,0.365,0.286,0.052,0.835,11.742,0.008
"SakuUta",341,0,0,o.______________..o....o,.oo....,10.029,0.454,0.250,0.265,0.031,0.001,7.883,8.129,0.118,0.135,0.247,0.333,0.420,0.086,0.590,10.778,0.000
"Homie",1611,0,0,o.________________...oOO,oo...o.,11.345,0.516,0.227,0.227,0.028,0.001,11.333,5.636,0.138,0.190,0.372,0.293,0.336,0.072,1.210,10.877,0.028
"tune",410,0,0,.______________.....ooo.,o.o...o,17.826,0.455,0.244,0.266,0.033,0.002,12.318,2.337,0.111,0.233,0.291,0.320,0.389,0.065,0.700,13.272,0.017
"Jer32",1003,0,0,.______________...oooo.o,oo....o,14.127,0.472,0.250,0.248,0.029,0.002,9.536,6.366,0.158,0.152,0.340,0.332,0.328,0.063,1.059,10.934,0.004
"Irony",1991,114,0,o.___________..........o,o.o.o..,12.929,0.493,0.245,0.232,0.028,0.001,8.781,7.455,0.146,0.140,0.241,0.356,0.402,0.072,0.754,10.270,0.012
"St. Bernard",61,0,0,...___________.._.o..._.,__O._Oo,7.625,0.501,0.226,0.235,0.035,0.003,8.455,8.656,0.177,0.125,0.243,0.289,0.467,0.090,0.734,9.558,0.000
"Irony",1991,114,0,o.___________..........o,o.o.o..,12.929,,,,,,0.000,0.000,0.146,0.000,0.241,0.356,0.402,,0.000,0.000,0.000
"Light",2185,12,0,ooo.__________.....__...,....o..,9.711,0.450,0.251,0.262,0.034,0.002,9.621,4.060,0.120,0.172,0.284,0.357,0.359,0.066,1.242,12.083,0.034
"StaIin",569,0,0,oo.______________....ooo,..o.o..,8.246,0.413,0.255,0.287,0.044,0.002,7.249,8.522,0.078,0.141,0.329,0.318,0.353,0.063,1.057,11.346,0.025
"Gamepad God",209,0,0,oo._____________.ooo_...,.ooo.o_,5.098,0.473,0.235,0.258,0.032,0.002,10.401,5.526,0.129,0.170,0.259,0.389,0.352,0.055,0.748,11.965,0.019
"Mos Def",822,54,0,o.____________.......ooo,.o...o.,12.646,0.545,0.224,0.210,0.021,0.001,6.223,10.399,0.100,0.115,0.283,0.338,0.379,0.080,1.274,9.472,0.007
"Kei Yonagi",1097,0,0,oo.________________...oO,o....oo,18.283,0.459,0.245,0.266,0.028,0.002,9.710,3.633,0.121,0.166,0.296,0.364,0.340,0.057,1.005,12.218,0.030
"DEAD NAN",1097,0,0,______________.oOooo.___,ooo__oo,15.671,0.537,0.230,0.207,0.025,0.001,11.472,5.683,0.162,0.203,0.295,0.404,0.301,0.073,0.844,10.150,0.005
"Kamikaze",232,0,0,o.______________..__.OOo,o.._o.O,11.600,0.479,0.244,0.246,0.030,0.001,10.624,4.605,0.138,0.179,0.284,0.303,0.412,0.079,0.712,11.125,0.017
"lizzey",1164,0,0,._____________........oo,O___.oO,15.117,0.503,0.247,0.221,0.028,0.001,6.467,8.669,0.130,0.103,0.381,0.303,0.317,0.069,1.335,9.529,0.006